"Year","Births","Cesarean_births","low_risk_cesarean_rate"
2016,1280607,329614,0.257388878867599
2017,1250875,325086,0.259886879184571
2018,1231332,319022,0.25908690751154
2019,1226476,314016,0.256031100486271
2020,1198613,310303,0.258885061316705
2021,1204358,316349,0.262670235926527
